date,rainfall_mm,equipment_downtime_hrs,blasting_delays_hrs,active_haul_trucks,shortfall_tons
2025-09-25,186.4,4.27,2.44,12,620.8
2025-09-26,53.2,7.97,0.36,16,100.5
2025-09-27,7.3,0.3,1.87,13,41.9
2025-09-28,174.5,6.02,1.64,10,456.8
2025-09-29,67.5,3.87,2.2,17,89.7
2025-09-30,56.3,6.56,1.95,17,565.7
2025-10-01,176.5,2.56,2.62,15,452.6
2025-10-02,91.9,1.24,1.5,28,241.8
2025-10-03,66.1,0.76,0.14,22,192.0
2025-10-04,158.4,6.32,1.75,15,403.9
2025-10-05,89.7,2.32,3.19,28,495.8
2025-10-06,143.8,6.1,2.41,23,113.8
2025-10-07,155.8,7.31,0.24,13,168.4
2025-10-08,170.2,3.37,3.44,25,356.4
2025-10-09,144.6,7.31,0.19,18,360.9
2025-10-10,172.1,4.09,0.24,22,490.6
2025-10-11,94.8,6.13,2.85,17,197.9
2025-10-12,96.0,4.03,0.36,26,397.1
2025-10-13,167.6,6.02,1.3,22,268.4
2025-10-14,135.3,6.55,0.45,23,383.4
2025-10-15,164.1,5.0,2.87,15,421.1
2025-10-16,68.6,4.8,1.06,27,409.4
2025-10-17,186.0,4.48,1.22,16,178.7
2025-10-18,43.6,3.27,0.7,25,455.7
2025-10-19,82.0,1.91,1.36,30,412.3
2025-10-20,154.3,5.73,3.79,28,507.0
2025-10-21,157.9,7.63,1.53,15,370.4
2025-10-22,156.8,0.12,0.92,18,285.5
2025-10-23,102.0,2.03,0.64,10,54.9
2025-10-24,111.7,3.72,0.91,19,127.4
2025-10-25,91.5,4.01,0.63,19,52.4
2025-10-26,136.0,7.16,1.25,10,491.1
2025-10-27,99.1,2.82,0.37,30,367.3
2025-10-28,73.1,3.84,0.73,14,427.3
2025-10-29,131.1,7.11,0.71,13,196.4
2025-10-30,61.1,6.31,1.29,17,234.9
2025-10-31,107.9,7.82,1.38,18,532.8
2025-11-01,63.1,2.11,0.34,20,23.3
2025-11-02,22.5,1.62,0.03,25,453.0
2025-11-03,196.3,1.08,1.31,12,147.7
2025-11-04,195.2,2.97,0.06,19,362.6
2025-11-05,88.6,5.83,1.35,20,480.6
2025-11-06,197.0,5.21,1.46,13,481.8
2025-11-07,91.7,2.31,1.78,27,202.2
2025-11-08,158.1,1.05,3.07,21,247.5
2025-11-09,194.5,3.33,1.18,20,464.3
2025-11-10,152.7,3.69,1.6,12,111.4
2025-11-11,161.1,7.78,2.25,13,457.1
2025-11-12,39.8,0.59,0.88,29,292.3
2025-11-13,34.5,2.44,3.51,11,125.5
2025-11-14,195.2,2.93,0.62,14,213.4
2025-11-15,131.3,2.77,1.23,12,533.7
2025-11-16,167.8,3.1,2.63,15,527.5
2025-11-17,155.1,4.44,3.39,18,230.4
2025-11-18,23.7,3.86,3.8,15,390.0
2025-11-19,54.9,0.32,0.91,23,437.5
2025-11-20,187.5,0.63,2.5,19,399.3
2025-11-21,61.8,2.94,0.83,15,397.9
2025-11-22,63.5,6.41,1.44,26,413.3
2025-11-23,157.4,2.89,3.05,19,436.0
2025-11-24,76.2,0.02,3.85,21,366.2
2025-11-25,32.5,1.13,1.32,27,402.9
2025-11-26,70.7,4.86,0.14,19,224.4
2025-11-27,149.9,3.54,1.47,19,564.5
2025-11-28,101.9,1.63,3.33,19,503.2
2025-11-29,193.0,6.15,3.21,23,253.8
2025-11-30,107.9,3.25,1.35,30,323.1
2025-12-01,192.3,2.54,2.5,24,484.7
2025-12-02,34.2,6.88,3.41,10,271.0
2025-12-03,144.8,2.48,3.32,13,281.7
2025-12-04,40.0,3.8,1.08,18,68.2
2025-12-05,20.5,6.36,2.44,18,257.7
2025-12-06,1.0,2.38,1.45,21,362.1
2025-12-07,46.1,2.62,0.39,20,327.6
2025-12-08,180.1,6.73,3.86,17,442.2
2025-12-09,38.3,4.55,1.02,10,61.7
2025-12-10,94.5,1.62,1.32,19,300.9
2025-12-11,95.6,4.16,3.09,21,472.3
2025-12-12,37.5,5.11,3.34,17,375.3
2025-12-13,55.1,6.0,3.56,14,381.8
2025-12-14,22.0,4.07,3.27,25,325.8
2025-12-15,153.0,3.29,1.54,29,527.2
2025-12-16,45.6,7.05,2.74,16,81.9
2025-12-17,163.6,1.3,1.04,14,400.1
2025-12-18,173.2,7.82,1.7,19,239.5
2025-12-19,69.7,2.32,1.55,25,316.9
2025-12-20,6.7,6.82,1.39,21,152.4
2025-12-21,188.4,4.41,1.36,14,285.4
2025-12-22,10.7,4.32,1.43,19,255.1
2025-12-23,167.9,5.73,3.63,21,371.5
2025-12-24,34.9,4.08,0.18,24,201.2
2025-12-25,5.3,7.57,0.08,23,444.5
2025-12-26,195.2,1.76,1.66,20,173.3
2025-12-27,52.8,0.7,0.45,28,304.2
2025-12-28,122.9,3.02,2.12,24,326.3
2025-12-29,142.1,7.23,2.37,12,283.6
2025-12-30,147.9,6.04,1.13,13,479.2
2025-12-31,89.0,7.69,3.53,14,263.9
2026-01-01,8.3,3.71,3.16,22,304.5
2026-01-02,50.8,5.25,1.68,24,435.2
2026-01-03,152.8,5.35,3.42,23,132.6
2026-01-04,87.8,6.82,1.81,28,222.0
2026-01-05,34.5,2.73,0.3,19,143.4
2026-01-06,75.3,6.15,1.37,26,345.1
2026-01-07,147.9,6.15,0.59,26,129.6
2026-01-08,47.9,6.11,2.68,15,511.6
2026-01-09,16.2,4.41,0.19,22,265.8
2026-01-10,120.9,4.48,3.71,16,555.6
2026-01-11,99.5,6.65,2.11,25,82.5
2026-01-12,125.7,2.84,3.05,28,297.6
2026-01-13,183.5,3.06,0.88,11,172.5
2026-01-14,122.9,2.19,0.87,23,55.3
2026-01-15,35.0,7.71,1.66,12,376.7
2026-01-16,140.9,4.18,1.99,17,209.3
2026-01-17,61.9,0.42,3.76,23,233.1
2026-01-18,10.1,4.45,3.67,12,388.6
2026-01-19,99.6,7.75,1.69,14,534.5
2026-01-20,162.4,3.59,2.15,18,218.5
2026-01-21,156.7,3.5,0.38,18,432.1
2026-01-22,163.3,6.04,3.86,27,489.4
2026-01-23,30.9,0.3,0.93,13,429.1
2026-01-24,113.2,5.99,2.39,26,249.4
2026-01-25,102.9,5.32,0.06,14,329.8
2026-01-26,15.6,5.79,2.42,10,334.0
2026-01-27,51.1,0.15,3.84,19,153.7
2026-01-28,149.3,1.62,2.97,13,119.3
2026-01-29,125.5,7.16,3.18,15,429.4
2026-01-30,125.4,7.25,0.84,19,374.0
2026-01-31,197.4,7.14,0.09,20,286.5
2026-02-01,81.6,0.09,0.91,20,150.3
2026-02-02,50.3,4.52,0.96,19,474.7
2026-02-03,167.8,2.55,3.81,12,186.4
2026-02-04,155.2,1.47,2.67,28,440.5
2026-02-05,158.6,0.5,2.5,30,194.5
2026-02-06,77.1,3.61,2.36,20,180.3
2026-02-07,5.1,7.31,3.35,22,132.8
2026-02-08,63.3,6.89,3.97,30,107.9
2026-02-09,72.5,2.22,3.48,30,196.8
2026-02-10,82.0,6.21,2.23,28,502.6
2026-02-11,189.9,2.19,1.27,13,116.8
2026-02-12,22.3,0.08,0.14,14,430.3
2026-02-13,98.2,3.43,2.55,17,422.7
2026-02-14,89.9,4.9,0.58,12,355.6
2026-02-15,163.6,4.9,1.64,22,418.2
2026-02-16,83.0,6.36,0.35,11,333.5
2026-02-17,176.3,0.72,2.26,19,224.4
2026-02-18,172.7,7.05,0.77,24,231.7
2026-02-19,76.6,4.81,1.53,18,135.3
2026-02-20,118.9,6.84,1.13,18,197.6
2026-02-21,119.8,0.4,2.94,18,192.5
2026-02-22,13.7,2.86,3.4,22,280.9
2026-02-23,109.2,6.7,1.26,24,106.0
2026-02-24,163.6,4.46,2.2,23,190.0
2026-02-25,108.4,7.64,0.05,28,570.7
2026-02-26,141.8,5.08,3.7,27,519.7
2026-02-27,150.0,4.09,1.28,12,218.5
2026-02-28,142.1,7.86,2.79,12,435.3
2026-03-01,102.2,4.06,1.71,20,160.2
2026-03-02,124.1,2.75,3.76,17,170.0
2026-03-03,80.7,7.95,1.3,28,536.8
2026-03-04,57.3,3.27,2.69,28,168.0
2026-03-05,45.9,0.82,3.7,11,168.9
2026-03-06,67.0,5.57,1.53,11,527.5
2026-03-07,47.0,5.25,1.9,12,284.4
2026-03-08,26.4,3.2,3.62,13,49.3
2026-03-09,180.0,4.54,3.22,15,426.4
2026-03-10,185.3,7.59,2.17,10,170.1
2026-03-11,71.1,4.13,0.81,16,493.1
2026-03-12,24.4,2.19,3.33,13,146.2
2026-03-13,91.6,7.8,3.89,14,417.3
2026-03-14,9.0,7.2,3.18,16,359.7
2026-03-15,142.1,6.37,2.96,29,458.0
2026-03-16,60.2,6.45,1.06,27,236.5
2026-03-17,146.2,6.92,3.42,28,360.1
2026-03-18,88.6,2.0,0.19,24,51.0
2026-03-19,21.2,5.02,0.95,23,269.0
2026-03-20,152.0,7.07,0.83,28,376.1
2026-03-21,164.8,7.53,2.5,14,186.1
2026-03-22,76.8,7.68,1.48,17,207.8
2026-03-23,25.6,7.01,1.98,10,291.4
2026-03-24,145.2,4.72,1.29,22,411.7
2026-03-25,84.0,5.04,2.82,18,413.4
2026-03-26,43.9,3.48,1.09,17,328.1
2026-03-27,186.8,3.66,2.21,12,597.6
2026-03-28,168.3,4.99,0.73,23,230.1
2026-03-29,185.6,1.35,2.44,24,418.8
2026-03-30,86.9,4.07,1.95,20,529.1
2026-03-31,147.2,2.2,2.24,24,67.1
2026-04-01,173.5,6.02,2.45,10,419.5
2026-04-02,143.5,6.01,0.16,11,458.3
2026-04-03,133.1,5.24,2.32,13,307.7
2026-04-04,196.4,5.81,2.52,24,359.6
2026-04-05,56.3,0.95,3.73,14,35.6
2026-04-06,193.0,1.41,2.78,26,404.5
2026-04-07,90.3,6.5,3.84,25,370.3
2026-04-08,85.9,1.18,2.43,26,415.7
2026-04-09,179.4,2.13,1.33,24,332.4
2026-04-10,173.6,7.21,0.19,12,453.3
2026-04-11,193.5,5.68,3.45,13,372.7
2026-04-12,11.8,2.57,2.03,27,186.0
2026-04-13,60.5,6.08,2.48,11,538.4
2026-04-14,192.5,1.69,0.55,11,449.6
2026-04-15,95.0,4.4,3.66,19,415.8
2026-04-16,27.3,0.42,3.64,16,39.9
2026-04-17,179.6,1.86,1.02,19,342.7
2026-04-18,161.1,3.12,2.23,26,268.8
2026-04-19,138.8,1.42,3.48,14,89.4
2026-04-20,133.2,7.16,3.82,27,451.3
2026-04-21,99.9,7.61,3.79,16,458.8
2026-04-22,88.0,7.06,1.77,13,110.0
2026-04-23,22.0,6.11,2.27,20,207.4
2026-04-24,42.8,7.4,2.46,11,481.1
2026-04-25,51.8,1.8,2.58,17,491.7
2026-04-26,189.6,6.27,3.72,11,426.1
2026-04-27,137.4,2.11,2.8,23,250.2
2026-04-28,54.1,6.48,3.62,18,249.8
2026-04-29,21.4,4.35,1.74,27,18.7
2026-04-30,112.7,4.68,3.91,17,156.8
2026-05-01,101.1,2.25,2.47,28,336.6
2026-05-02,142.0,5.83,3.72,17,306.7
2026-05-03,179.3,5.01,0.2,11,593.6
2026-05-04,122.5,6.09,2.84,24,243.9
2026-05-05,8.3,3.76,1.66,18,218.5
2026-05-06,37.2,7.27,1.5,27,211.9
2026-05-07,136.1,6.64,1.11,11,284.5
2026-05-08,143.2,5.32,0.02,17,524.0
2026-05-09,162.7,2.57,3.79,11,499.2
2026-05-10,128.9,6.45,2.3,28,347.5
2026-05-11,118.8,6.11,0.4,26,522.1
2026-05-12,186.4,4.38,2.34,20,343.1
2026-05-13,122.4,0.46,2.35,14,304.7
2026-05-14,37.4,4.95,0.83,28,242.3
2026-05-15,107.9,7.85,2.94,19,199.4
2026-05-16,102.8,1.36,2.13,18,370.2
2026-05-17,5.3,7.78,0.1,16,378.4
2026-05-18,45.2,4.56,2.54,11,205.2
2026-05-19,172.7,3.58,1.96,17,357.3
2026-05-20,97.9,0.4,1.86,23,286.5
2026-05-21,8.3,6.83,1.91,28,157.1
2026-05-22,91.8,5.76,0.09,16,436.0
2026-05-23,135.2,1.39,2.18,21,177.8
2026-05-24,159.1,4.75,2.77,22,293.6
2026-05-25,10.3,1.03,1.38,12,37.7
2026-05-26,113.3,3.53,2.15,17,219.7
2026-05-27,166.1,2.61,0.09,18,103.2
2026-05-28,117.4,0.04,0.95,19,276.4
2026-05-29,140.3,2.34,3.82,17,280.6
2026-05-30,2.4,1.0,3.34,27,78.3
2026-05-31,17.6,7.71,2.11,15,156.6
2026-06-01,114.3,0.99,2.35,27,443.8
2026-06-02,115.6,7.02,0.34,12,226.7
2026-06-03,115.2,3.41,1.43,24,79.9
2026-06-04,112.4,2.56,2.22,11,380.8
2026-06-05,86.6,2.8,0.58,26,161.8
2026-06-06,179.9,4.98,3.59,18,482.8
2026-06-07,10.0,3.52,2.71,21,134.8
2026-06-08,30.4,2.82,0.81,13,142.1
2026-06-09,93.2,3.86,2.42,12,206.1
2026-06-10,175.0,7.74,1.25,13,159.3
2026-06-11,89.2,2.96,3.4,19,432.0
2026-06-12,70.2,4.88,0.49,25,288.0
2026-06-13,125.8,3.75,2.57,15,242.4
2026-06-14,96.8,7.08,1.1,20,437.1
2026-06-15,85.5,7.58,3.75,25,166.9
2026-06-16,177.6,5.4,1.13,30,264.3
2026-06-17,159.0,0.88,1.54,22,408.6
2026-06-18,56.1,0.51,0.99,22,127.9
2026-06-19,184.5,6.66,3.06,28,601.1
2026-06-20,77.3,1.06,3.7,20,517.5
2026-06-21,59.7,3.75,3.91,15,460.3
2026-06-22,85.0,0.92,1.19,10,431.5
2026-06-23,35.3,1.6,0.79,22,92.4
2026-06-24,127.4,2.61,2.2,25,228.8
2026-06-25,69.7,1.52,0.7,20,304.7
2026-06-26,15.0,6.58,1.54,29,409.3
2026-06-27,173.1,7.46,3.38,25,328.7
2026-06-28,150.3,7.63,0.72,16,534.2
2026-06-29,0.7,4.22,1.14,19,34.7
2026-06-30,171.9,6.1,0.6,21,156.6
2026-07-01,127.1,4.87,0.15,27,336.1
2026-07-02,122.8,7.49,3.56,11,542.2
2026-07-03,154.0,6.45,0.94,21,127.9
2026-07-04,70.2,1.16,3.29,22,434.2
2026-07-05,167.4,7.13,0.15,14,317.3
2026-07-06,135.7,3.33,3.29,26,279.0
2026-07-07,39.0,1.17,2.0,26,59.9
2026-07-08,164.8,5.27,1.82,11,488.1
2026-07-09,97.9,5.44,3.66,15,385.7
2026-07-10,40.9,7.58,0.28,17,532.3
2026-07-11,125.3,1.84,1.66,25,70.1
2026-07-12,133.2,2.53,2.52,27,411.4
2026-07-13,89.0,0.51,0.25,16,421.1
2026-07-14,149.1,6.98,0.14,10,335.9
2026-07-15,89.0,2.24,0.88,24,245.3
2026-07-16,96.5,4.91,1.27,25,456.4
2026-07-17,154.3,1.25,3.06,17,225.9
2026-07-18,29.1,6.18,1.04,19,456.3
2026-07-19,167.9,7.1,0.38,10,462.3
2026-07-20,56.1,1.88,0.99,23,74.9
2026-07-21,154.4,2.44,3.4,23,189.5
2026-07-22,151.1,1.07,0.88,28,350.8
2026-07-23,31.4,5.82,0.75,21,173.2
2026-07-24,50.3,5.25,0.88,16,71.6
2026-07-25,121.4,4.68,0.85,30,435.7
2026-07-26,168.4,0.39,0.34,23,364.0
2026-07-27,156.0,1.17,1.71,13,407.5
2026-07-28,49.3,7.93,0.88,29,92.6
2026-07-29,121.8,0.46,0.57,12,51.7
2026-07-30,165.5,0.17,3.3,21,448.1
2026-07-31,81.5,6.1,2.28,10,428.1
2026-08-01,47.6,3.98,1.4,17,159.6
2026-08-02,142.8,1.95,2.66,11,140.7
2026-08-03,117.6,1.63,3.86,24,393.6
2026-08-04,75.8,1.3,0.53,14,445.7
2026-08-05,114.8,5.51,3.96,18,526.5
2026-08-06,192.3,7.69,1.15,24,352.5
2026-08-07,85.2,3.5,2.49,23,439.0
2026-08-08,108.6,1.47,1.65,23,50.1
2026-08-09,24.7,2.82,0.91,24,93.0
2026-08-10,129.7,3.02,1.26,14,248.2
2026-08-11,35.5,7.86,2.65,11,476.7
2026-08-12,146.7,7.55,2.26,30,567.1
2026-08-13,129.1,4.63,1.09,11,222.7
2026-08-14,24.6,0.25,0.13,24,0
2026-08-15,32.4,7.9,0.59,15,130.8
2026-08-16,23.5,6.0,2.2,10,223.5
2026-08-17,199.7,7.0,0.72,10,626.5
2026-08-18,44.0,0.84,3.15,26,233.3
2026-08-19,20.4,0.65,0.93,27,78.8
2026-08-20,49.5,4.56,1.72,16,490.0
2026-08-21,110.0,1.93,1.46,10,324.1
2026-08-22,160.5,3.7,1.78,21,118.3
2026-08-23,4.5,1.98,2.61,26,252.7
2026-08-24,96.9,5.86,2.49,13,374.2
2026-08-25,115.1,1.54,1.33,12,350.6
2026-08-26,138.4,3.06,3.13,10,559.2
2026-08-27,130.4,1.13,3.6,29,129.8
2026-08-28,79.8,6.47,0.52,20,284.2
2026-08-29,113.1,7.83,2.6,12,455.7
2026-08-30,78.5,0.77,1.1,14,249.4
2026-08-31,97.9,0.63,1.81,29,256.9
2026-09-01,194.4,2.16,0.56,25,107.8
2026-09-02,150.7,5.04,3.47,29,179.2
2026-09-03,30.9,7.95,2.97,23,412.0
2026-09-04,121.9,0.3,0.25,26,101.3
2026-09-05,30.5,7.15,3.4,25,236.8
2026-09-06,131.4,2.64,0.78,12,448.3
2026-09-07,84.6,3.75,3.18,15,249.8
2026-09-08,187.4,7.16,0.68,17,433.7
2026-09-09,40.7,7.45,2.48,12,191.4
2026-09-10,108.3,4.0,3.7,25,116.4
2026-09-11,16.7,1.69,3.35,29,447.7
2026-09-12,173.0,4.33,3.5,16,591.3
2026-09-13,143.8,4.92,3.5,30,564.3
2026-09-14,171.3,0.87,2.57,20,415.6
2026-09-15,98.7,1.1,3.41,19,266.4
2026-09-16,131.6,0.63,2.57,10,368.1
2026-09-17,28.6,5.17,3.23,12,65.0
2026-09-18,118.8,0.76,0.39,27,42.5
2026-09-19,5.0,4.08,1.09,14,291.1
2026-09-20,50.4,4.48,2.97,15,104.8
2026-09-21,114.6,2.62,0.59,12,420.2
2026-09-22,55.4,3.68,1.28,17,492.3
2026-09-23,10.1,3.83,1.36,19,53.8
2026-09-24,173.1,2.87,3.92,14,503.8
